{"Train": [0.02075011469423771, 0.07300522178411484], "Test": [0.022366464138031006, 0.07495561987161636]}