{"Train": [0.0003166907117702067, 0.006835323758423328], "Test": [0.0003216495388187468, 0.006878809072077274]}