{"Train": [0.0005876286886632442, 0.008467021398246288], "Test": [0.0005928848404437304, 0.00851809699088335]}