{"Train": [0.0003286089049652219, 0.004725947976112366], "Test": [0.0003485987544991076, 0.004790655802935362]}