{"Train": [0.00027506347396411, 0.004238968249410391], "Test": [0.0003553599235601723, 0.004402069374918938]}