{"Train": [0.0002537117979954928, 0.0037997739855200052], "Test": [0.0004046628309879452, 0.004048867151141167]}