{"acc": 0.8194575303230807, "loss": 0.23226452736731462, "_timestamp": 1687977043.790869, "_runtime": 1.0452580451965332, "_step": 7, "_wandb": {"runtime": 0}}