{"Train": [0.0006485575577244163, 0.009198077023029327], "Test": [0.0006745645659975708, 0.009277086704969406]}