{"Train": [0.0003026680205948651, 0.004509040620177984], "Test": [0.0003261974488850683, 0.00457670958712697]}