{"Train": [0.00037873207475058734, 0.005457500461488962], "Test": [0.00041874899761751294, 0.0055564697831869125]}