{"Train": [9.72916095633991e-05, 0.006678042933344841], "Test": [0.027052180841565132, 0.09077879041433334]}